# CMD number, timeout, parm1, parm2 parm3, some text thing,
0.000000,15.000000,8.000000,8.000000,0.000000,""

1.000000,10.000000,-60.000000,60.000000,0.000000,""

9.000000,10.000000,0.000000,0.000000,0.000000,""

0.000000,15.000000,1.000000,5.000000,0.000000,""

#
