# CMD number, timeout, parm1, parm2 parm3, some text thing,
0.000000,15.000000,10.000000,3.000000,0.000000,""

0.000000,15.000000,-10.000000,3.000000,0.000000,""

1.000000,15.000000,-90.000000,45.000000,0.000000,""

0.000000,15.000000,10.000000,3.000000,0.000000,""

0.000000,15.000000,-10.000000,3.000000,0.000000,""

1.000000,15.000000,90.000000,45.000000,0.000000,""

#
