# CMD number, timeout, parm1, parm2 parm3, some text thing,
9.000000,0.000000,0.000000,0.000000,0.000000,""
25.000000,2.000000,0.000000,0.000000,0.000000,""
2.000000,2.500000,4.000000,180.000000,0.000000,""
18.000000,0.000000,0.000000,0.000000,0.000000,""
31.000000,2.000000,0.000000,0.000000,0.000000,""
0.000000,2.000000,-1.000000,1.500000,0.000000,""
4.000000,20.000000,0.000000,0.000000,0.000000,""
#
