# CMD number, timeout, parm1, parm2 parm3, some text thing,goes from R1/R2 to Tag 22, Right L2
32.000000,5.000000,1.000000,120.000000,0.750000,"ElevL4"
32.000000,5.500000,1.000000,120.000000,0.100000,"ElevL2"
25.000000,4.000000,0.000000,0.000000,0.000000,""
18.000000,0.000000,0.000000,0.000000,0.000000,""
31.000000,3.000000,0.000000,0.000000,0.000000,""
0.000000,2.000000,-2.000000,1.500000,0.000000,""
4.000000,20.000000,0.000000,0.000000,0.000000,""
#goes from R1/R2 to Tag 22, Right L2
