# CMD number, timeout, parm1, parm2 parm3, some text thing,red center to Tag 10, Right L4
32.000000,4.500000,21.000000,0.000000,0.100000,"ElevL4"
29.000000,2.000000,0.000000,0.000000,0.000000,""
18.000000,0.000000,0.000000,0.000000,0.000000,""
31.000000,2.000000,0.000000,0.000000,0.000000,""
0.000000,2.000000,-1.000000,1.500000,0.000000,""
4.000000,20.000000,0.000000,0.000000,0.000000,""
#red center to Tag 10, Right L4
