# CMD number, timeout, parm1, parm2 parm3, some text thing,
32.000000,4.200000,28.000000,-60.000000,0.300000,"ElevL4"
29.000000,2.000000,0.000000,0.000000,0.000000,""
18.000000,0.000000,0.000000,0.000000,0.000000,""
31.000000,1.200000,0.000000,0.000000,0.000000,""
32.000000,4.700000,29.000000,54.000000,0.500000,"ElevSource"
23.000000,3.000000,0.000000,0.000000,0.000000,""
16.000000,0.000000,0.000000,0.000000,0.000000,""
31.000000,5.000000,0.000000,0.000000,0.000000,""
32.000000,3.600000,30.000000,180.000000,0.400000,"ElevL2"
25.000000,3.000000,0.000000,0.000000,0.000000,""
18.000000,0.000000,0.000000,0.000000,0.000000,""
31.000000,1.200000,0.000000,0.000000,0.000000,""
0.000000,5.000000,-2.000000,2.000000,0.000000,""
4.000000,100.000000,0.000000,0.000000,0.000000,""
#
