# CMD number, timeout, parm1, parm2 parm3, some text thing,DriveStraight
0.000000,3.000000,3.000000,1.500000,0.000000,""
4.000000,20.000000,0.000000,0.000000,0.000000,""
#DriveStraight
