# CMD number, timeout, parm1, parm2 parm3, some text thing,
2.000000,10.000000,1.000000,120.000000,0.000000,""

#
