# CMD number, timeout, parm1, parm2 parm3, some text thing,
32.000000,5.000000,31.000000,180.000000,7.000000,"ElevL4"
18.000000,0.000000,0.000000,0.000000,0.000000,""
#
