# CMD number, timeout, parm1, parm2 parm3, some text thing,
0.000000,0.000000,0.000000,0.000000,0.000000,""
1.000000,0.000000,0.000000,0.000000,0.000000,""
#
