# CMD number, timeout, parm1, parm2 parm3, some text thing,
0.000000,10.000000,10.000000,10.000000,0.000000,""

0.000000,0.000000,0.000000,0.000000,0.000000,""

1.000000,10.000000,90.000000,200.000000,0.000000,""

1.000000,10.000000,-300.000000,200.000000,0.000000,""

4.000000,900.000000,0.000000,0.000000,0.000000,""

#
