# CMD number, timeout, parm1, parm2 parm3, some text thing,
32.000000,5.000000,1.000000,120.000000,0.750000,"ElevL4"
11.000000,1.000000,0.000000,0.000000,0.000000,""
29.000000,4.000000,0.000000,0.000000,0.000000,""
18.000000,0.000000,0.000000,0.000000,0.000000,""
31.000000,3.000000,0.000000,0.000000,0.000000,""
0.000000,5.000000,-2.000000,2.000000,0.000000,""
7.000000,2.000000,0.000000,0.000000,0.000000,""
4.000000,3.000000,0.000000,0.000000,0.000000,""
#
