# CMD number, timeout, parm1, parm2 parm3, some text thing,
2.000000,5.000000,1.000000,0.000000,0.000000,""

8.000000,0.000000,0.000000,0.000000,0.000000,""

24.000000,3.000000,0.000000,0.000000,0.000000,""

18.000000,3.000000,0.000000,0.000000,0.000000,""

#
