# CMD number, timeout, parm1, parm2 parm3, some text thing,
0.000000,10.000000,5.000000,1.000000,0.000000,"drive forward"

1.000000,10.000000,180.000000,20.000000,0.000000,"turn around"

0.000000,10.000000,5.000000,1.000000,0.000000,"drive back"

4.000000,99999.000000,0.000000,0.000000,0.000000,"end of auto"

#
