# CMD number, timeout, parm1, parm2 parm3, some text thing,
0.000000,0.000000,0.000000,0.000000,0.000000,"d"
5.000000,1.000000,0.000000,0.000000,0.000000,"sigma"
20.000000,1.000000,4.000000,0.000000,0.000000,""
14.000000,1.000000,0.000000,0.000000,83.000000,""
20.000000,0.000000,0.000000,0.000000,0.000000,""
#
